id,first_name,email,gender
1,Irving,ilivard0@yahoo.co.jp,Male
1,Irving,ilivard0@yahoo.co.jp,Male
3,Elisabetta,emoraleda2@cdc.gov,Female
4,Adrian,abassham3@yahoo.co.jp,Male
5,Ezra,ejoiner4@mlb.com,Male
6,Carrol,cblunderfield5@blogtalkradio.com,Male
7,Harley,hbleaden6@live.com,Male
8,Yasmeen,ygibbons7@flickr.com,Non-binary
9,Farrell,ftrimble8@icio.us,Male
10,Ardisj,amcgarva9@google.com,Female
11,Jacinta,jlecounta@networksolutions.com,Female
12,Myles,mchatterisb@163.com,Male
13,Borden,bromaintc@last.fm,Male
14,Wallas,wjacksd@dropbox.com,Male
15,Agata,awhelbande@phoca.cz,Female
16,Natalie,ngoundsyf@diigo.com,Female
17,Alana,afellinig@pbs.org,Female
18,Max,mfransesh@etsy.com,Female
19,Morna,maddyi@google.cn,Female
20,Jimmie,jdunthornj@indiatimes.com,Male
21,Ruperto,rharbackk@1688.com,Male
22,Durante,dbehnel@bbb.org,Male
23,Normand,njaffraym@drupal.org,Male
24,Rafaellle,rmcgilroyn@state.tx.us,Male
25,Ashbey,adrohuno@intel.com,Male
26,Elfie,ebrassep@earthlink.net,Bigender
27,Angie,apurryq@slashdot.org,Male
28,King,kcrumlyr@cnet.com,Male
29,Ranique,rberkeleys@lycos.com,Female
30,Fidel,freynardt@merriam-webster.com,Male
